Tòa,Tầng,Mã Căn,Loại Căn,DT Thông Thủy (m2),DT Tim Tường (m2),Hướng Ban Công,View,Giá Bán Gồm VAT (VNĐ),Trạng Thái,Ghi Chú
Tháp 3,5,T3-05.01,2br,72.5,78.2,Đông Nam,View Sông Giồng Ông Tố,4250000000,available,Căn đẹp ban công Đông Nam
Tháp 3,5,T3-05.02,2br-corner,81.4,87.6,Đông Bắc,View Sông & Công viên,4850000000,reserved,Khách đang giữ chỗ thiện chí
Tháp 3,5,T3-05.03,3br,105.2,112.8,Nam,View Trọn Sông Giồng Ông Tố,6200000000,available,Căn 3PN hướng Nam gió mát
Tháp 3,6,T3-06.01,2br,72.5,78.2,Đông Nam,View Sông Giồng Ông Tố,4280000000,hot_deal,Ưu đãi chiết khấu đợt 1
Tháp 3,6,T3-06.02,2br-corner,81.4,87.6,Đông Bắc,View Sông & Công viên,4890000000,sold,Đã ký hợp đồng cọc
Tháp 3,8,T3-08.01,2br,72.5,78.2,Đông Nam,View Sông Thoáng Đãng,4350000000,available,Tầng trung view đẹp
Tháp 3,8,T3-08.05,3br-corner,118.6,126.4,Đông Nam,View Panorama 2 Mặt Sông,7150000000,available,Căn góc hoa hậu của tầng
Tháp 3,12,T3-12.01,2br,72.5,78.2,Đông Nam,View Sông Tầng Cao,4450000000,available,Tầng cao thoáng mát
Tháp 3,12,T3-12.02,2br-corner,81.4,87.6,Đông Bắc,View Sông & Thảo Điền,5050000000,reserved,Chờ bổ sung cọc
Tháp 3,18,T3-18.01,3br,105.2,112.8,Nam,View Trực Diện Sông Sài Gòn,6650000000,sold,Đã giao dịch
